ref;traitement;finalite;base_legale;categories_donnees;personnes_concernees;destinataires;duree_conservation;mesures_securite
OP-01;Enregistrement de l appel telephonique;Preuve de l appel et controle de la qualite;Interet legitime;Voix, identite, vie personnelle (habitudes de consommation);Prospect appele;Service qualite, client commanditaire;A definir;Acces restreint au service qualite
OP-02;Saisie des reponses et stockage dans la base de donnees;Realiser l etude de marche;;Identite nom, coordonnées, vie personnelle achats, vie professionnelle profession;Prospect;Pole Donnees;;
OP-03;"Reecoute de
l enregistrement
et archivage sur le
serveur de fichiers";"Controler la
qualite de
l entretien";"Identité voix, vie
personnelle";Prospect;Service qualite;;;
